"box_office","film_ratings"
42.0744541161104,"1"
35.1170191241988,"1"
36.934642774681,"1"
44.0505598148814,"2"
37.9750891910612,"2"
42.3210619187238,"2"
47.0471834828291,"3"
44.1435512670633,"3"
44.97711724237,"3"
57.0662478791524,"4"
45.411831311984,"4"
54.183495493409,"4"
65.9821425690283,"5"
58.5321286731362,"5"
65.7038918882954,"5"
